size,kernel,time_ms,gflops,frac_of_cublas,max_abs_diff
256,naive,0.098636,340.19,0.0000,3.815e-06
256,tiled,0.066519,504.43,0.0000,3.815e-06
256,regtiled,0.042694,785.92,0.0000,3.815e-06
256,cublas,0.031606,1061.66,1.0000,0.000e+00
512,naive,0.715042,375.41,0.0000,0.000e+00
512,tiled,0.435828,615.92,0.0000,0.000e+00
512,regtiled,0.152781,1757.00,0.0000,0.000e+00
512,cublas,0.081265,3303.20,1.0000,0.000e+00
1024,naive,4.307862,498.50,0.0000,2.384e-05
1024,tiled,2.314682,927.77,0.0000,2.384e-05
1024,regtiled,0.683254,3143.02,0.0000,2.384e-05
1024,cublas,0.412254,5209.13,1.0000,0.000e+00
2048,naive,39.198006,438.28,0.0000,4.196e-05
2048,tiled,19.116213,898.71,0.0000,4.196e-05
2048,regtiled,6.868267,2501.34,0.0000,4.196e-05
2048,cublas,3.808331,4511.13,1.0000,0.000e+00
4096,naive,318.101349,432.06,0.0000,0.000e+00
4096,tiled,153.860184,893.27,0.0000,0.000e+00
4096,regtiled,56.769665,2420.99,0.0000,0.000e+00
4096,cublas,32.911591,4176.00,1.0000,0.000e+00
